id_time,n_flows,n_packets,n_bytes,n_dest_asn,n_dest_ports,n_dest_ip,tcp_udp_ratio_packets,tcp_udp_ratio_bytes,dir_ratio_packets,dir_ratio_bytes,avg_duration,avg_ttl
7590,5,8,388,4.0,4.0,4.0,1.0,1.0,0.12,0.15,0.02,213.4
7604,3,6,304,2.0,2.0,2.0,1.0,1.0,0.17,0.2,0.05,187.0
7624,6,6,244,3.0,3.0,3.0,1.0,1.0,0.17,0.18,0.0,220.5
7714,3,10,524,2.0,3.0,2.0,1.0,1.0,0.9,0.92,30.29,125.67
7715,2,5,208,2.0,2.0,2.0,1.0,1.0,0.8,0.81,31.65,154.0
7731,5,16,805,5.0,5.0,5.0,0.94,0.96,0.31,0.33,12.04,127.6
7737,3,6,296,3.0,3.0,3.0,1.0,1.0,0.67,0.73,21.05,189.33
7744,2,5,208,2.0,2.0,2.0,1.0,1.0,0.2,0.21,0.02,188.0
7812,4,7,400,4.0,4.0,4.0,0.86,0.77,0.14,0.15,0.77,100.75
7836,2,7,414,2.0,2.0,2.0,1.0,1.0,0.29,0.27,4.63,152.0
7854,3,6,248,3.0,3.0,3.0,1.0,1.0,0.17,0.18,0.01,181.0
7925,1,4,224,1.0,1.0,1.0,1.0,1.0,0.25,0.27,3.12,57.0
7957,3,5,244,3.0,3.0,3.0,1.0,1.0,0.6,0.67,21.11,188.33
8070,3,3,140,3.0,3.0,3.0,1.0,1.0,0.33,0.43,0.0,187.33
8076,5,18,980,4.0,5.0,5.0,1.0,1.0,0.39,0.39,25.33,172.6
8202,9,17,900,6.0,7.0,6.0,1.0,1.0,0.24,0.24,3.89,139.44
8250,5,13,922,3.0,5.0,4.0,1.0,1.0,0.08,0.05,12.16,134.8
8271,1,5,494,1.0,1.0,1.0,1.0,1.0,1.0,1.0,0.87,62.0
8316,4,13,631,2.0,3.0,2.0,1.0,1.0,0.31,0.27,2.82,55.75
8343,5,21,1541,3.0,5.0,4.0,1.0,1.0,0.29,0.35,0.27,110.0
8391,2,5,256,2.0,2.0,2.0,1.0,1.0,0.8,0.84,31.6,157.5
8637,1,10,808,1.0,1.0,1.0,1.0,1.0,0.4,0.55,3.36,59.0
8753,4,16,1321,1.0,4.0,4.0,1.0,1.0,0.25,0.16,20.32,59.0
8777,3,6,338,3.0,3.0,3.0,0.83,0.79,0.17,0.18,1.05,117.33
8824,4,8,388,4.0,4.0,4.0,1.0,1.0,0.5,0.47,16.35,153.75
9093,3,4,204,3.0,3.0,3.0,1.0,1.0,0.25,0.22,0.33,122.67
9192,4,8,424,4.0,4.0,4.0,1.0,1.0,0.12,0.14,1.13,152.25
9258,4,7,336,3.0,4.0,4.0,1.0,1.0,0.57,0.64,15.81,204.25
9272,1,5,326,1.0,1.0,1.0,1.0,1.0,0.4,0.26,15.04,56.0
9292,1,4,216,1.0,1.0,1.0,1.0,1.0,1.0,1.0,63.25,62.0
9312,3,10,724,2.0,3.0,3.0,1.0,1.0,0.4,0.3,28.74,122.33
9392,3,3,132,2.0,3.0,3.0,1.0,1.0,0.33,0.33,0.0,121.33
9404,4,12,679,2.0,4.0,2.0,1.0,1.0,0.5,0.41,0.45,106.75
9423,4,7,380,4.0,4.0,4.0,0.86,0.78,0.57,0.57,15.79,149.25
9462,5,8,332,4.0,5.0,5.0,1.0,1.0,0.12,0.13,0.01,168.2
9478,3,3,128,3.0,3.0,3.0,1.0,1.0,0.33,0.34,0.0,125.0
9538,5,5,220,4.0,5.0,5.0,1.0,1.0,0.2,0.27,0.0,211.2
9745,13,42,4538,9.0,12.0,10.0,0.98,0.7,0.24,0.22,0.83,103.92
9761,3,6,296,3.0,3.0,3.0,1.0,1.0,0.67,0.73,21.07,121.33
9763,2,5,204,2.0,2.0,2.0,1.0,1.0,0.2,0.22,0.02,156.5
9805,6,8,328,6.0,6.0,6.0,0.88,0.88,0.12,0.12,0.06,182.17
9831,4,15,813,3.0,4.0,4.0,0.93,0.91,0.33,0.33,15.03,204.0
9853,5,6,280,4.0,4.0,4.0,1.0,1.0,0.17,0.21,0.0,213.4
9878,4,7,293,3.0,4.0,3.0,1.0,1.0,0.14,0.15,0.54,155.25
9884,4,9,691,4.0,4.0,4.0,1.0,1.0,0.22,0.16,1.53,202.25
9887,3,6,300,3.0,3.0,3.0,1.0,1.0,0.67,0.72,21.05,188.0
9905,6,15,847,3.0,6.0,4.0,1.0,1.0,0.27,0.26,13.91,121.5
9916,5,8,396,4.0,5.0,5.0,1.0,1.0,0.5,0.55,12.64,51.8
10014,2,5,264,2.0,2.0,2.0,1.0,1.0,0.2,0.23,0.01,152.5
10051,3,5,244,3.0,3.0,3.0,1.0,1.0,0.6,0.67,21.15,187.0
10076,3,10,463,3.0,3.0,3.0,1.0,1.0,0.4,0.37,21.1,142.33
10084,3,6,248,3.0,3.0,3.0,1.0,1.0,0.17,0.18,0.01,183.33
10192,2,4,168,2.0,2.0,2.0,1.0,1.0,0.25,0.26,0.06,152.5
10222,1,2,112,1.0,1.0,1.0,1.0,1.0,1.0,1.0,0.01,62.0
10251,2,4,168,2.0,2.0,2.0,1.0,1.0,0.25,0.26,0.07,153.0
10256,13,40,2350,5.0,13.0,5.0,1.0,1.0,0.4,0.37,22.26,100.15
10325,5,8,328,5.0,5.0,5.0,1.0,1.0,0.12,0.13,0.01,251.2
10334,7,13,974,5.0,6.0,6.0,0.92,0.89,0.31,0.22,10.32,167.14
10376,2,4,168,2.0,2.0,2.0,1.0,1.0,0.25,0.26,0.01,182.0
10425,2,8,485,1.0,2.0,2.0,1.0,1.0,0.5,0.45,34.63,60.0
10452,2,9,718,2.0,2.0,2.0,1.0,1.0,0.56,0.67,3.67,59.5
10517,5,16,824,5.0,4.0,5.0,1.0,1.0,0.31,0.33,12.03,170.8
10526,4,5,212,4.0,4.0,4.0,1.0,1.0,0.2,0.21,0.03,101.25
10549,11,26,1601,7.0,11.0,7.0,1.0,1.0,0.46,0.4,18.86,117.73
10566,1,2,112,1.0,1.0,1.0,1.0,1.0,1.0,1.0,0.19,62.0
10742,4,10,925,4.0,4.0,4.0,1.0,1.0,0.4,0.48,0.05,201.0
10785,7,35,3206,4.0,7.0,4.0,1.0,1.0,0.4,0.38,4.2,111.14
10814,7,18,816,2.0,7.0,2.0,1.0,1.0,0.67,0.68,0.33,87.29
10829,4,7,288,4.0,4.0,4.0,1.0,1.0,0.14,0.15,0.01,200.0
10902,4,10,520,3.0,4.0,4.0,1.0,1.0,0.8,0.83,31.6,54.75
10906,6,12,600,4.0,6.0,6.0,1.0,1.0,0.67,0.72,21.05,87.5
10923,2,2,84,2.0,2.0,2.0,1.0,1.0,0.5,0.52,0.0,154.0
10927,6,6,264,3.0,4.0,4.0,1.0,1.0,0.33,0.39,0.0,186.5
10976,3,8,424,2.0,3.0,2.0,1.0,1.0,0.88,0.9,42.32,56.33
10983,7,17,864,3.0,6.0,3.0,1.0,1.0,0.76,0.8,27.14,84.43
10987,8,16,881,5.0,8.0,6.0,1.0,1.0,0.19,0.2,0.39,129.38
11042,6,9,420,4.0,6.0,6.0,1.0,1.0,0.44,0.51,10.57,186.5
11058,5,7,312,5.0,5.0,5.0,1.0,1.0,0.14,0.14,0.0,96.0
11059,4,4,164,4.0,4.0,4.0,1.0,1.0,0.25,0.24,0.0,95.5
11267,2,5,204,2.0,2.0,2.0,1.0,1.0,0.2,0.22,0.02,253.5
11284,3,9,528,2.0,3.0,3.0,1.0,1.0,0.44,0.41,23.08,58.0
11333,7,10,480,6.0,7.0,7.0,0.9,0.88,0.1,0.12,0.43,224.29
11381,8,32,1609,3.0,8.0,3.0,1.0,1.0,0.28,0.25,0.92,81.38
11547,2,5,204,2.0,2.0,2.0,1.0,1.0,0.2,0.22,0.02,153.5
11552,5,21,2056,3.0,5.0,3.0,1.0,1.0,0.48,0.48,1.66,130.0
11565,2,11,576,2.0,2.0,2.0,1.0,1.0,0.36,0.38,30.01,153.5
11604,3,10,623,3.0,3.0,3.0,1.0,1.0,0.2,0.13,7.06,248.0
11635,7,7,324,7.0,7.0,7.0,0.86,0.79,0.14,0.14,0.0,117.86
11676,5,6,276,5.0,5.0,5.0,1.0,1.0,0.33,0.41,0.61,172.2
11683,1,1,70,1.0,1.0,1.0,0.0,0.0,1.0,1.0,0.0,54.0
11699,2,5,204,2.0,2.0,2.0,1.0,1.0,0.2,0.22,0.01,253.5
11706,2,2,92,2.0,2.0,2.0,1.0,1.0,0.5,0.43,0.0,42.5
11707,5,7,304,4.0,5.0,5.0,1.0,1.0,0.43,0.43,12.64,118.4
11749,4,9,439,4.0,4.0,4.0,1.0,1.0,0.33,0.3,15.79,136.0
11782,4,7,338,3.0,4.0,4.0,0.86,0.89,0.57,0.64,15.84,152.25
11783,4,16,1136,1.0,4.0,1.0,1.0,1.0,0.5,0.38,37.25,56.25
11848,3,9,699,2.0,3.0,2.0,1.0,1.0,0.44,0.31,24.51,121.0
11849,5,12,1050,5.0,5.0,5.0,1.0,1.0,0.33,0.21,12.66,141.4
11898,6,8,336,5.0,5.0,5.0,1.0,1.0,0.12,0.13,0.0,160.83
11899,6,7,768,6.0,6.0,6.0,0.86,0.37,0.29,0.15,0.0,151.67
11908,5,5,228,4.0,5.0,4.0,1.0,1.0,0.2,0.23,0.0,170.6
11939,8,14,1820,5.0,8.0,5.0,0.43,0.29,0.29,0.24,0.5,227.12
12012,2,9,484,1.0,2.0,1.0,1.0,1.0,0.56,0.55,63.17,60.0
12017,2,6,538,2.0,2.0,2.0,1.0,1.0,0.83,0.92,1.54,52.5
12062,3,3,124,3.0,3.0,3.0,1.0,1.0,0.33,0.35,0.0,189.33
12070,3,5,212,3.0,3.0,3.0,0.8,0.81,0.4,0.43,0.06,117.33
12114,4,5,236,3.0,4.0,4.0,1.0,1.0,0.6,0.66,0.0,155.75
12137,3,7,578,3.0,3.0,3.0,1.0,1.0,0.71,0.85,0.14,185.0
12178,1,4,216,1.0,1.0,1.0,1.0,1.0,1.0,1.0,24.0,62.0
12209,5,6,276,5.0,5.0,5.0,1.0,1.0,0.33,0.41,0.03,213.8
12218,5,14,1128,2.0,3.0,3.0,1.0,1.0,0.43,0.49,0.01,136.6
12226,5,6,276,3.0,3.0,3.0,1.0,1.0,0.33,0.41,0.03,173.8
12229,9,9,400,5.0,5.0,5.0,1.0,1.0,0.11,0.15,0.0,207.56
12245,3,6,244,2.0,2.0,2.0,1.0,1.0,0.17,0.18,0.02,251.33
12317,1,4,216,1.0,1.0,1.0,1.0,1.0,1.0,1.0,63.17,62.0
12437,3,9,582,2.0,3.0,2.0,1.0,1.0,0.44,0.37,22.76,122.67
12486,3,6,248,3.0,3.0,3.0,1.0,1.0,0.17,0.18,0.01,183.0
12670,3,9,452,3.0,3.0,3.0,1.0,1.0,0.78,0.82,21.08,186.67
12729,7,9,368,3.0,3.0,3.0,1.0,1.0,0.11,0.12,0.03,230.86
12799,3,3,158,2.0,2.0,2.0,0.67,0.51,0.33,0.49,0.0,248.33
12875,5,8,778,4.0,4.0,4.0,0.88,0.43,0.5,0.28,12.63,175.6
12883,3,6,304,2.0,2.0,2.0,1.0,1.0,0.17,0.2,1.05,185.67
12931,6,12,615,3.0,4.0,4.0,1.0,1.0,0.33,0.35,11.54,164.0
13017,2,5,260,2.0,2.0,2.0,1.0,1.0,0.8,0.83,31.69,151.5
13049,2,6,494,1.0,2.0,1.0,1.0,1.0,0.17,0.12,0.01,60.5
13071,3,6,312,2.0,2.0,2.0,1.0,1.0,0.17,0.19,0.05,181.67
13221,7,13,595,5.0,7.0,5.0,1.0,1.0,0.31,0.31,0.27,140.57
13359,5,12,624,4.0,5.0,4.0,1.0,1.0,0.17,0.18,12.0,172.8
13419,6,9,459,5.0,5.0,5.0,0.89,0.73,0.11,0.1,2.17,186.17
13502,3,13,724,3.0,3.0,3.0,1.0,1.0,0.31,0.3,25.43,184.67
13508,5,15,820,5.0,5.0,5.0,1.0,1.0,0.27,0.26,15.29,129.8
13557,3,11,596,1.0,2.0,1.0,1.0,1.0,0.27,0.28,63.34,55.33
13576,4,6,248,4.0,4.0,4.0,1.0,1.0,0.17,0.18,0.03,248.0
13616,2,3,152,2.0,2.0,2.0,1.0,1.0,0.67,0.74,0.06,156.0
13662,6,6,296,5.0,6.0,5.0,0.67,0.59,0.17,0.26,0.0,144.0
13663,3,10,564,3.0,3.0,3.0,1.0,1.0,0.4,0.38,21.11,120.33
13669,4,11,1003,4.0,4.0,4.0,0.82,0.5,0.36,0.22,15.82,165.5
13692,4,12,1070,3.0,4.0,3.0,1.0,1.0,0.17,0.1,4.08,154.5
13697,6,16,1184,5.0,6.0,6.0,1.0,1.0,0.25,0.14,4.39,249.83
13765,8,23,1325,6.0,8.0,6.0,1.0,1.0,0.17,0.16,10.54,159.38
13802,9,22,1251,7.0,8.0,8.0,1.0,1.0,0.18,0.17,9.89,162.44
13809,9,12,1144,6.0,8.0,7.0,1.0,1.0,0.08,0.04,0.68,163.0
13810,3,6,300,3.0,3.0,3.0,1.0,1.0,0.67,0.72,21.06,187.67
13838,5,29,2144,1.0,5.0,4.0,1.0,1.0,0.17,0.24,3.66,53.0
13839,2,9,664,2.0,2.0,2.0,1.0,1.0,0.56,0.76,7.52,157.0
13878,3,13,798,2.0,2.0,2.0,1.0,1.0,0.38,0.6,8.59,188.67
13928,2,4,176,2.0,2.0,2.0,1.0,1.0,0.75,0.75,0.84,155.0
13936,5,14,1006,3.0,5.0,5.0,1.0,1.0,0.29,0.21,15.66,136.8
13977,8,17,883,5.0,8.0,5.0,1.0,1.0,0.24,0.24,16.42,153.38
13984,4,8,400,4.0,4.0,4.0,1.0,1.0,0.62,0.67,11.36,117.75
14050,4,10,480,3.0,4.0,3.0,1.0,1.0,0.5,0.57,14.59,156.0
14128,4,11,464,4.0,4.0,4.0,1.0,1.0,0.45,0.47,7.04,203.0
14157,3,8,364,3.0,3.0,3.0,1.0,1.0,0.25,0.23,4.67,122.0
14161,6,22,1210,4.0,6.0,4.0,1.0,1.0,0.18,0.14,13.3,152.33
14187,6,12,799,5.0,6.0,5.0,1.0,1.0,0.33,0.27,12.89,151.33
14258,6,19,1012,5.0,6.0,5.0,1.0,1.0,0.11,0.11,4.32,183.33
14296,4,15,786,3.0,3.0,3.0,1.0,1.0,0.33,0.34,15.0,202.0
14338,3,6,260,3.0,3.0,3.0,1.0,1.0,0.17,0.17,0.01,204.0
14390,8,14,939,7.0,7.0,7.0,1.0,1.0,0.14,0.12,0.88,184.62
14422,33,47,2180,3.0,5.0,3.0,0.98,0.97,0.15,0.17,2.07,227.33
14499,5,7,336,4.0,5.0,4.0,0.86,0.82,0.14,0.15,0.0,172.4
14696,6,9,444,5.0,6.0,6.0,1.0,1.0,0.44,0.49,10.54,151.17
14810,11,24,1184,3.0,8.0,6.0,1.0,1.0,0.33,0.36,12.68,215.91
14821,6,12,548,3.0,5.0,5.0,1.0,1.0,0.33,0.39,12.69,219.33
14895,7,16,793,4.0,6.0,5.0,0.94,0.92,0.25,0.27,12.04,194.86
14897,3,14,786,2.0,3.0,2.0,1.0,1.0,0.64,0.62,24.06,124.33
14950,2,3,152,2.0,2.0,2.0,1.0,1.0,0.67,0.74,1.51,156.5
14955,9,16,684,5.0,7.0,7.0,1.0,1.0,0.12,0.16,3.22,207.33
14968,5,10,548,3.0,4.0,5.0,1.0,1.0,0.3,0.33,8.95,174.6
15016,3,3,128,3.0,3.0,3.0,1.0,1.0,0.33,0.31,0.0,176.67
15105,7,7,300,3.0,6.0,5.0,1.0,1.0,0.14,0.15,0.0,224.29
15112,8,9,412,3.0,6.0,5.0,1.0,1.0,0.22,0.27,0.39,227.25
15130,8,8,360,4.0,7.0,6.0,1.0,1.0,0.12,0.17,0.0,227.5
15131,6,18,1073,2.0,6.0,3.0,1.0,1.0,0.44,0.4,23.5,121.5
15156,4,8,630,4.0,4.0,4.0,1.0,1.0,0.62,0.78,0.13,169.25
15163,3,7,578,3.0,3.0,3.0,1.0,1.0,0.71,0.85,1.02,187.67
15182,4,4,188,4.0,4.0,4.0,1.0,1.0,0.25,0.23,0.0,154.75
15248,4,7,360,3.0,4.0,3.0,1.0,1.0,0.29,0.31,1.1,106.0
15284,3,8,659,2.0,3.0,2.0,1.0,1.0,0.25,0.17,1.01,184.33
15333,5,10,484,5.0,5.0,5.0,1.0,1.0,0.5,0.57,12.9,133.6
15373,5,7,288,5.0,5.0,5.0,1.0,1.0,0.14,0.15,0.0,212.6
15402,2,6,296,2.0,2.0,2.0,1.0,1.0,0.67,0.73,31.58,156.0
15494,15,42,2713,5.0,13.0,5.0,1.0,1.0,0.38,0.32,19.35,132.2
15495,6,12,604,5.0,6.0,5.0,1.0,1.0,0.67,0.72,21.14,153.83
15529,1,3,164,1.0,1.0,1.0,1.0,1.0,1.0,1.0,15.04,62.0
15650,5,18,788,3.0,3.0,3.0,1.0,1.0,0.28,0.34,20.5,212.6
15731,2,2,84,2.0,2.0,2.0,1.0,1.0,0.5,0.52,0.0,60.5
15779,6,22,1291,4.0,6.0,4.0,1.0,1.0,0.18,0.14,0.8,121.33
15827,3,11,556,3.0,3.0,3.0,1.0,1.0,0.82,0.86,20.94,187.67
15829,9,45,3152,2.0,8.0,2.0,1.0,1.0,0.31,0.23,20.06,99.78
15830,5,14,866,2.0,5.0,5.0,1.0,1.0,0.57,0.5,25.88,96.0
15847,4,7,308,3.0,4.0,3.0,1.0,1.0,0.14,0.19,3.27,202.5
15873,3,8,395,3.0,3.0,3.0,1.0,1.0,0.25,0.23,6.39,206.33
15905,1,1,60,1.0,1.0,1.0,1.0,1.0,1.0,1.0,0.0,62.0
15947,3,10,524,2.0,3.0,3.0,1.0,1.0,0.9,0.92,42.14,125.67
15949,3,4,172,3.0,3.0,3.0,1.0,1.0,0.25,0.23,0.0,112.0
15973,6,15,824,5.0,6.0,5.0,0.87,0.82,0.73,0.71,23.12,122.0
15987,5,10,487,3.0,4.0,3.0,1.0,1.0,0.2,0.19,2.08,181.8
16009,6,26,1247,2.0,6.0,2.0,1.0,1.0,0.62,0.56,0.17,89.0
16062,2,2,84,2.0,2.0,2.0,1.0,1.0,0.5,0.52,0.0,156.5
16087,1,5,478,1.0,1.0,1.0,1.0,1.0,1.0,1.0,0.1,62.0
16089,4,14,1374,4.0,4.0,4.0,1.0,1.0,0.36,0.37,0.23,149.75
16271,4,7,364,3.0,3.0,3.0,1.0,1.0,0.14,0.12,1.75,154.5
16299,2,9,654,2.0,2.0,2.0,1.0,1.0,0.56,0.76,7.0,157.0
16319,2,8,432,2.0,2.0,2.0,1.0,1.0,0.38,0.38,31.8,51.0
16335,4,13,641,3.0,4.0,4.0,1.0,1.0,0.31,0.34,20.63,155.0
16354,11,32,1669,3.0,6.0,6.0,1.0,1.0,0.25,0.26,15.56,164.0
16355,5,12,632,3.0,4.0,4.0,1.0,1.0,0.67,0.68,25.48,135.8
16456,4,10,552,3.0,4.0,4.0,0.9,0.92,0.4,0.39,17.32,58.0
16470,2,5,200,2.0,2.0,2.0,1.0,1.0,0.2,0.2,6.66,141.0
16495,3,8,464,2.0,3.0,3.0,1.0,1.0,0.38,0.39,15.17,80.0
16505,3,6,244,3.0,3.0,3.0,1.0,1.0,0.17,0.16,4.39,109.0
16527,10,33,1821,3.0,10.0,3.0,1.0,1.0,0.55,0.53,21.3,78.5
16654,2,9,501,2.0,2.0,2.0,1.0,1.0,0.44,0.43,31.66,52.0
16655,2,12,827,1.0,2.0,1.0,1.0,1.0,0.67,0.52,63.33,56.0
16693,4,9,666,4.0,4.0,4.0,1.0,1.0,0.56,0.74,0.2,151.25
16694,3,3,136,3.0,3.0,3.0,1.0,1.0,0.33,0.32,0.0,79.0
16727,2,2,88,2.0,2.0,2.0,1.0,1.0,0.5,0.5,0.0,53.5
16787,1,8,694,1.0,1.0,1.0,1.0,1.0,0.38,0.24,20.02,59.0
16814,8,18,944,6.0,8.0,8.0,1.0,1.0,0.11,0.12,3.79,129.62
16858,1,1,44,1.0,1.0,1.0,1.0,1.0,1.0,1.0,0.0,62.0
16882,3,6,316,3.0,3.0,3.0,1.0,1.0,0.67,0.68,8.0,120.33
16915,3,11,792,2.0,3.0,3.0,1.0,1.0,0.45,0.35,28.75,57.33
16936,2,2,80,2.0,2.0,2.0,1.0,1.0,0.5,0.5,0.0,139.0
16965,1,1,44,1.0,1.0,1.0,1.0,1.0,1.0,1.0,0.0,62.0
16981,2,9,684,1.0,2.0,2.0,1.0,1.0,0.44,0.32,43.1,60.0
17032,3,15,792,2.0,3.0,2.0,1.0,1.0,0.47,0.47,46.31,121.0
17212,3,11,1012,2.0,3.0,2.0,1.0,1.0,0.91,0.96,0.16,126.0
17232,3,6,296,3.0,3.0,3.0,1.0,1.0,0.67,0.73,21.13,188.67
17238,4,10,535,3.0,4.0,3.0,1.0,1.0,0.2,0.17,9.12,73.25
17478,3,8,663,2.0,3.0,2.0,1.0,1.0,0.12,0.07,0.08,59.67
17490,2,8,485,1.0,2.0,1.0,1.0,1.0,0.5,0.45,34.63,59.5
17576,3,7,376,3.0,3.0,3.0,1.0,1.0,0.57,0.57,21.45,122.33
17640,2,2,88,2.0,2.0,2.0,1.0,1.0,0.5,0.5,0.0,154.5
17646,4,13,696,3.0,4.0,3.0,0.92,0.9,0.85,0.84,34.51,106.75
17719,6,10,516,3.0,5.0,4.0,1.0,1.0,0.2,0.2,2.54,89.0
17837,3,4,196,3.0,3.0,3.0,1.0,1.0,0.5,0.47,0.02,122.67
17842,9,40,2205,3.0,9.0,3.0,1.0,1.0,0.1,0.08,0.95,76.89
17846,11,35,2251,2.0,10.0,3.0,1.0,1.0,0.23,0.19,20.57,107.82
17847,1,4,216,1.0,1.0,1.0,1.0,1.0,1.0,1.0,63.19,62.0
17965,7,19,1298,3.0,7.0,3.0,1.0,1.0,0.42,0.33,20.06,113.14
17966,4,10,519,3.0,4.0,3.0,1.0,1.0,0.4,0.42,17.55,154.5
17977,4,13,708,2.0,4.0,4.0,1.0,1.0,0.31,0.31,18.81,107.75
18022,1,4,216,1.0,1.0,1.0,1.0,1.0,1.0,1.0,63.43,62.0
18043,4,6,312,3.0,4.0,4.0,1.0,1.0,0.5,0.53,15.82,152.75
18128,7,11,505,4.0,4.0,4.0,0.91,0.93,0.45,0.53,9.06,167.29
18352,3,6,326,2.0,3.0,3.0,1.0,1.0,0.17,0.13,2.01,124.33
18463,5,19,1063,2.0,3.0,2.0,1.0,1.0,0.42,0.41,25.37,174.6
18487,3,9,695,2.0,3.0,3.0,1.0,1.0,0.44,0.31,23.09,124.0
18605,2,4,172,2.0,2.0,2.0,1.0,1.0,0.25,0.26,0.0,90.5
18678,4,10,546,2.0,4.0,2.0,1.0,1.0,0.1,0.11,4.39,48.75
18679,7,22,1398,3.0,7.0,3.0,1.0,1.0,0.55,0.46,29.69,91.43
18731,3,7,583,3.0,3.0,3.0,0.86,0.92,0.71,0.85,0.18,117.33
18809,3,6,304,3.0,3.0,3.0,1.0,1.0,0.17,0.2,1.04,183.33
18903,4,4,172,4.0,4.0,4.0,1.0,1.0,0.25,0.26,0.0,151.5
18912,7,29,2319,2.0,7.0,2.0,1.0,1.0,0.48,0.32,18.06,84.57
18917,1,2,112,1.0,1.0,1.0,1.0,1.0,1.0,1.0,0.12,62.0
18970,5,8,654,5.0,5.0,5.0,0.88,0.87,0.5,0.68,0.07,105.8
19009,2,7,433,2.0,2.0,2.0,1.0,1.0,0.43,0.38,10.64,60.0
19084,3,10,425,3.0,3.0,3.0,1.0,1.0,0.4,0.4,21.1,48.0
19150,1,1,60,1.0,1.0,1.0,1.0,1.0,1.0,1.0,0.0,62.0
19169,6,17,973,5.0,6.0,5.0,0.88,0.8,0.47,0.44,23.09,186.17
19202,1,1,60,1.0,1.0,1.0,1.0,1.0,1.0,1.0,0.0,62.0
19240,2,5,323,2.0,2.0,2.0,0.8,0.67,0.8,0.67,31.72,56.5
19260,1,4,216,1.0,1.0,1.0,1.0,1.0,1.0,1.0,63.32,62.0
19268,1,7,452,1.0,1.0,1.0,1.0,1.0,0.43,0.36,63.41,43.0
19357,2,12,715,1.0,2.0,1.0,1.0,1.0,0.25,0.23,5.02,57.0
19358,10,42,3099,3.0,10.0,4.0,0.98,0.95,0.5,0.36,26.19,76.2
19447,3,6,300,3.0,3.0,3.0,1.0,1.0,0.67,0.72,21.09,118.33
19452,14,42,2857,3.0,13.0,3.0,0.95,0.97,0.6,0.45,12.28,86.93
19475,1,4,216,1.0,1.0,1.0,1.0,1.0,1.0,1.0,63.2,62.0
19476,2,5,256,2.0,2.0,2.0,1.0,1.0,0.8,0.84,31.59,154.0
19490,2,9,754,1.0,2.0,1.0,1.0,1.0,0.11,0.08,11.64,59.0
19500,3,4,200,3.0,3.0,3.0,1.0,1.0,0.5,0.56,1.38,117.33
19518,4,7,340,4.0,4.0,4.0,1.0,1.0,0.57,0.64,15.79,201.5
19598,8,33,2260,2.0,8.0,2.0,1.0,1.0,0.21,0.17,16.51,82.88
19752,1,2,112,1.0,1.0,1.0,1.0,1.0,1.0,1.0,3.92,62.0
19770,1,5,494,1.0,1.0,1.0,1.0,1.0,1.0,1.0,0.26,62.0
19804,3,5,212,3.0,3.0,3.0,1.0,1.0,0.2,0.21,0.05,249.0
19809,2,12,655,1.0,2.0,1.0,1.0,1.0,0.17,0.14,1.66,54.0
19877,6,15,781,4.0,5.0,5.0,0.93,0.96,0.53,0.55,22.08,89.83
19890,3,6,300,2.0,3.0,3.0,1.0,1.0,0.67,0.72,21.08,186.67
19895,3,8,395,2.0,3.0,3.0,1.0,1.0,0.25,0.23,3.87,206.0
19957,3,13,702,1.0,3.0,2.0,1.0,1.0,0.62,0.62,42.21,121.0
19958,3,13,733,1.0,3.0,2.0,1.0,1.0,0.62,0.59,42.22,118.33
20078,2,4,224,1.0,1.0,1.0,1.0,1.0,0.25,0.27,7.56,60.5
20143,6,18,1353,3.0,6.0,5.0,0.94,0.97,0.33,0.41,1.21,54.5
20184,1,3,128,1.0,1.0,1.0,1.0,1.0,0.33,0.34,0.12,59.0
20218,9,32,2151,1.0,9.0,2.0,1.0,1.0,0.34,0.28,18.99,73.44
20283,2,8,424,2.0,2.0,2.0,1.0,1.0,0.38,0.39,31.78,149.5
20403,4,13,1089,3.0,4.0,3.0,1.0,1.0,0.15,0.1,1.51,103.5
20524,1,4,216,1.0,1.0,1.0,1.0,1.0,1.0,1.0,63.25,62.0
20571,5,27,1932,2.0,5.0,3.0,1.0,1.0,0.3,0.36,3.89,96.0
20594,5,10,496,5.0,5.0,5.0,1.0,1.0,0.2,0.23,2.07,126.2
20629,4,13,899,2.0,4.0,2.0,1.0,1.0,0.31,0.24,21.42,55.25
20648,2,2,100,2.0,2.0,2.0,1.0,1.0,0.5,0.6,0.0,155.0
20671,2,4,208,2.0,2.0,2.0,1.0,1.0,0.75,0.79,7.67,157.0
20712,3,10,428,3.0,3.0,3.0,1.0,1.0,0.6,0.61,5.15,186.33
20921,2,5,260,2.0,2.0,2.0,1.0,1.0,0.8,0.83,31.58,53.5
20931,1,6,311,1.0,1.0,1.0,1.0,1.0,0.33,0.3,10.4,126.0
20937,2,9,940,2.0,2.0,2.0,1.0,1.0,0.44,0.18,31.65,184.0
20952,1,2,84,1.0,1.0,1.0,1.0,1.0,0.5,0.48,0.0,120.0
20966,2,2,84,2.0,2.0,2.0,1.0,1.0,0.5,0.52,0.0,154.5
21011,4,6,296,4.0,4.0,4.0,1.0,1.0,0.5,0.55,3.77,102.5
21023,6,14,812,4.0,6.0,4.0,1.0,1.0,0.21,0.21,3.33,87.67
21064,4,8,658,2.0,4.0,4.0,0.88,0.88,0.5,0.67,0.8,155.0
21068,3,10,543,2.0,3.0,3.0,1.0,1.0,0.4,0.4,21.14,183.67
21117,2,2,84,2.0,2.0,2.0,1.0,1.0,0.5,0.52,0.0,154.0
21140,3,3,148,3.0,3.0,3.0,1.0,1.0,0.33,0.41,0.0,120.0
21161,6,13,1197,4.0,6.0,4.0,1.0,1.0,0.38,0.22,14.4,123.83
21237,3,3,128,3.0,3.0,3.0,1.0,1.0,0.33,0.34,0.0,118.33
21244,2,6,534,2.0,2.0,2.0,1.0,1.0,0.83,0.93,1.54,156.0
21245,3,6,304,3.0,3.0,3.0,1.0,1.0,0.17,0.2,1.04,185.0
21271,1,2,92,1.0,1.0,1.0,1.0,1.0,1.0,1.0,0.03,62.0
21314,3,6,320,2.0,3.0,2.0,1.0,1.0,0.17,0.19,2.43,121.33
21315,6,21,1367,2.0,6.0,2.0,1.0,1.0,0.57,0.47,34.66,87.33
21333,3,5,208,3.0,3.0,3.0,1.0,1.0,0.2,0.21,0.04,116.0
21393,3,7,578,3.0,3.0,3.0,1.0,1.0,0.71,0.85,0.07,188.67
21402,3,6,316,3.0,3.0,3.0,1.0,1.0,0.17,0.19,1.03,76.33
21422,3,3,128,3.0,3.0,3.0,1.0,1.0,0.33,0.34,0.0,118.67
21426,3,9,472,2.0,3.0,3.0,1.0,1.0,0.89,0.92,42.13,125.0
21555,3,9,580,2.0,3.0,3.0,0.89,0.79,0.44,0.37,23.08,57.67
21613,7,22,1239,3.0,7.0,3.0,1.0,1.0,0.36,0.35,21.25,108.71
21672,5,24,1449,2.0,5.0,2.0,1.0,1.0,0.62,0.56,50.5,56.0
21697,4,7,380,4.0,4.0,4.0,1.0,1.0,0.14,0.16,1.81,154.0
21708,2,10,524,2.0,2.0,2.0,1.0,1.0,0.6,0.61,36.49,148.0
21754,6,20,1384,2.0,5.0,5.0,1.0,1.0,0.25,0.19,15.89,122.17
21783,2,2,88,2.0,2.0,2.0,1.0,1.0,0.5,0.5,0.0,157.0
21795,2,2,84,2.0,2.0,2.0,1.0,1.0,0.5,0.52,0.0,155.0
21818,3,6,300,3.0,3.0,3.0,1.0,1.0,0.67,0.72,21.15,189.0
21848,5,5,208,4.0,4.0,4.0,1.0,1.0,0.2,0.21,0.0,170.6
21856,4,6,292,4.0,4.0,4.0,1.0,1.0,0.33,0.38,0.27,155.5
21876,3,3,124,3.0,3.0,3.0,1.0,1.0,0.33,0.35,0.0,187.0
21913,15,20,956,4.0,4.0,4.0,1.0,1.0,0.1,0.12,1.01,235.67
21928,8,13,644,2.0,3.0,2.0,1.0,1.0,0.23,0.25,15.83,200.25
21968,13,16,686,4.0,5.0,4.0,0.88,0.92,0.06,0.06,0.24,224.23
21989,14,22,969,4.0,4.0,4.0,1.0,1.0,0.18,0.17,4.59,220.64
22038,10,13,834,4.0,4.0,4.0,1.0,1.0,0.31,0.53,0.32,229.6
22044,9,18,1276,3.0,4.0,4.0,1.0,1.0,0.28,0.39,0.04,204.78
22094,11,11,474,5.0,5.0,5.0,0.82,0.84,0.09,0.09,0.0,194.73
22173,9,36,2065,1.0,7.0,1.0,1.0,1.0,0.78,0.73,50.82,59.78
22184,4,7,340,4.0,4.0,4.0,1.0,1.0,0.57,0.64,15.8,201.5
22271,4,8,384,3.0,4.0,4.0,1.0,1.0,0.5,0.56,15.8,102.75
22349,2,12,1214,2.0,2.0,2.0,1.0,1.0,0.33,0.33,4.32,147.0
22374,7,33,3245,2.0,7.0,2.0,1.0,1.0,0.48,0.33,19.15,84.57
22402,5,11,758,3.0,5.0,4.0,1.0,1.0,0.09,0.06,2.02,95.2
22407,2,6,538,2.0,2.0,2.0,1.0,1.0,0.83,0.92,1.53,157.0
22586,4,5,236,4.0,4.0,4.0,1.0,1.0,0.4,0.47,0.09,151.5
22590,6,11,783,4.0,6.0,6.0,1.0,1.0,0.18,0.14,1.01,181.5
22719,3,6,312,3.0,3.0,3.0,1.0,1.0,0.67,0.69,21.06,120.0
22736,7,12,762,3.0,7.0,6.0,1.0,1.0,0.17,0.15,0.01,197.43
22869,4,13,916,3.0,4.0,3.0,1.0,1.0,0.46,0.57,0.86,155.25
22877,4,6,312,3.0,4.0,3.0,1.0,1.0,0.17,0.19,0.0,104.5
22887,11,34,1581,4.0,9.0,5.0,1.0,1.0,0.29,0.29,0.66,109.0
22888,9,20,903,4.0,7.0,7.0,1.0,1.0,0.2,0.2,0.39,185.67
22904,3,5,212,3.0,3.0,3.0,1.0,1.0,0.2,0.21,0.07,48.33
22965,4,4,172,4.0,4.0,4.0,1.0,1.0,0.25,0.26,0.0,203.25
23032,9,30,1949,3.0,8.0,3.0,1.0,1.0,0.4,0.33,24.39,95.56
23033,5,20,1397,1.0,5.0,1.0,1.0,1.0,0.2,0.15,18.53,49.0
23195,5,12,660,3.0,5.0,5.0,1.0,1.0,0.42,0.41,13.84,175.6
23204,2,3,156,2.0,2.0,2.0,1.0,1.0,0.67,0.72,0.01,157.0
23205,4,13,803,4.0,4.0,4.0,1.0,1.0,0.38,0.33,15.84,100.75
23214,2,5,260,2.0,2.0,2.0,1.0,1.0,0.8,0.83,31.71,53.5
23219,3,6,300,3.0,3.0,3.0,1.0,1.0,0.67,0.72,21.05,183.67
23277,4,11,818,4.0,4.0,4.0,1.0,1.0,0.27,0.2,5.11,202.5
23308,12,18,896,7.0,10.0,10.0,1.0,1.0,0.11,0.12,1.54,180.5
23402,3,3,124,3.0,3.0,3.0,1.0,1.0,0.33,0.35,0.0,183.67
23415,5,12,866,4.0,5.0,5.0,1.0,1.0,0.25,0.19,4.04,212.6
23432,3,3,144,2.0,3.0,3.0,1.0,1.0,0.33,0.42,0.0,187.67
23456,5,5,208,5.0,5.0,5.0,1.0,1.0,0.2,0.21,0.0,210.8
23487,3,4,164,2.0,3.0,3.0,1.0,1.0,0.5,0.51,0.05,119.67
23531,4,4,172,3.0,4.0,4.0,1.0,1.0,0.25,0.26,0.0,203.5
23574,3,9,682,3.0,3.0,3.0,1.0,1.0,0.67,0.76,0.4,124.67
23578,3,12,1034,2.0,3.0,3.0,1.0,1.0,0.42,0.48,0.07,118.33
23619,10,24,3088,4.0,9.0,5.0,1.0,1.0,0.25,0.08,3.93,115.0
23620,4,8,368,2.0,4.0,2.0,1.0,1.0,0.25,0.23,3.14,57.75
23635,3,4,196,3.0,3.0,3.0,1.0,1.0,0.5,0.57,0.07,184.0
23643,2,7,558,2.0,2.0,2.0,1.0,1.0,0.86,0.93,0.01,155.0
23705,8,10,484,6.0,8.0,8.0,1.0,1.0,0.3,0.34,1.5,203.88
23752,5,5,216,5.0,5.0,5.0,1.0,1.0,0.2,0.2,0.0,213.4
23870,6,6,276,3.0,5.0,5.0,1.0,1.0,0.17,0.22,0.0,219.5
23871,4,4,184,4.0,4.0,4.0,1.0,1.0,0.25,0.24,0.0,155.5
23888,4,4,418,3.0,3.0,3.0,1.0,1.0,0.25,0.67,4.33,169.75
23966,2,9,586,2.0,2.0,2.0,1.0,1.0,0.44,0.37,31.57,155.0
23967,6,13,691,3.0,4.0,3.0,1.0,1.0,0.31,0.31,10.52,187.5
24024,3,6,290,3.0,3.0,3.0,0.83,0.88,0.67,0.74,21.07,120.67
24039,2,3,156,2.0,2.0,2.0,1.0,1.0,0.67,0.72,0.15,157.0
24060,7,16,849,4.0,6.0,4.0,0.94,0.94,0.5,0.51,18.8,114.29
24079,7,11,764,5.0,6.0,5.0,0.91,0.96,0.45,0.65,0.04,168.29
24136,3,8,399,2.0,3.0,3.0,1.0,1.0,0.25,0.23,2.82,208.67
24223,5,9,682,4.0,5.0,5.0,1.0,1.0,0.67,0.81,0.05,174.6
24286,3,3,128,3.0,3.0,3.0,1.0,1.0,0.33,0.34,0.0,188.33
24292,3,5,208,3.0,3.0,3.0,1.0,1.0,0.2,0.21,0.05,248.33
24294,10,12,536,8.0,8.0,8.0,1.0,1.0,0.08,0.08,0.0,191.8
24321,5,17,1058,3.0,5.0,3.0,1.0,1.0,0.47,0.41,28.29,94.6
24422,3,3,132,2.0,3.0,2.0,1.0,1.0,0.33,0.33,0.0,188.67
24456,3,3,148,2.0,3.0,3.0,1.0,1.0,0.33,0.41,0.0,188.67
24488,4,10,523,4.0,4.0,4.0,0.9,0.86,0.3,0.31,15.84,153.5
24500,5,7,309,3.0,5.0,5.0,0.86,0.89,0.29,0.34,0.0,136.2
24600,3,3,284,3.0,3.0,3.0,0.67,0.3,0.33,0.15,0.0,122.33
24661,4,7,360,4.0,4.0,4.0,1.0,1.0,0.57,0.6,15.8,156.0
24695,10,39,2286,3.0,9.0,3.0,1.0,1.0,0.26,0.2,0.99,76.6
24703,4,8,631,3.0,4.0,4.0,0.88,0.92,0.62,0.78,0.08,204.25
24751,1,4,216,1.0,1.0,1.0,1.0,1.0,1.0,1.0,63.13,62.0
24760,3,8,412,3.0,3.0,3.0,1.0,1.0,0.25,0.27,3.56,137.33
24785,2,11,865,2.0,2.0,2.0,1.0,1.0,0.45,0.57,0.32,150.5
24786,5,6,292,5.0,5.0,5.0,1.0,1.0,0.33,0.38,0.07,174.2
24788,2,3,136,2.0,2.0,2.0,1.0,1.0,0.33,0.29,0.0,149.0
24897,4,11,500,3.0,4.0,4.0,1.0,1.0,0.27,0.25,7.44,200.5
24900,6,8,400,4.0,6.0,5.0,1.0,1.0,0.12,0.15,0.03,186.83
24906,11,11,484,2.0,5.0,3.0,1.0,1.0,0.09,0.09,0.0,234.73
24911,9,12,596,4.0,6.0,5.0,0.92,0.89,0.08,0.1,0.33,206.89
24960,3,3,132,2.0,3.0,3.0,1.0,1.0,0.33,0.33,0.0,188.67
24991,6,16,1047,2.0,4.0,2.0,1.0,1.0,0.5,0.41,21.16,185.83
25001,12,20,1246,5.0,9.0,7.0,1.0,1.0,0.45,0.58,5.8,172.08
25072,5,5,302,2.0,4.0,4.0,0.8,0.64,0.2,0.2,0.0,175.6
25091,4,5,240,3.0,4.0,4.0,1.0,1.0,0.4,0.47,0.09,204.0
25122,6,10,488,5.0,6.0,5.0,1.0,1.0,0.6,0.66,2.67,186.67
25132,1,6,374,1.0,1.0,1.0,1.0,1.0,0.33,0.3,9.45,59.0
25162,8,17,889,5.0,8.0,8.0,1.0,1.0,0.47,0.49,16.55,155.75
25177,2,12,682,2.0,2.0,2.0,0.92,0.91,0.58,0.58,35.36,85.0
25181,3,9,496,2.0,3.0,2.0,1.0,1.0,0.44,0.45,6.41,120.67
25196,2,2,88,2.0,2.0,2.0,1.0,1.0,0.5,0.5,0.0,153.0
25209,1,5,494,1.0,1.0,1.0,1.0,1.0,1.0,1.0,0.02,62.0
25214,4,10,590,3.0,4.0,3.0,1.0,1.0,0.1,0.1,2.25,107.25
25254,5,14,782,2.0,5.0,3.0,1.0,1.0,0.29,0.28,15.6,131.0
25255,6,18,1061,3.0,6.0,3.0,1.0,1.0,0.67,0.61,32.93,122.67
25281,2,4,224,0.0,2.0,2.0,1.0,1.0,0.25,0.27,0.06,59.5
25366,2,8,547,2.0,2.0,2.0,1.0,1.0,0.25,0.15,10.64,154.0
25420,3,11,835,2.0,3.0,3.0,1.0,1.0,0.27,0.21,2.09,122.67
25433,3,7,304,3.0,3.0,3.0,1.0,1.0,0.29,0.28,0.01,182.67
25464,3,5,228,3.0,3.0,3.0,1.0,1.0,0.2,0.19,0.03,184.67
25468,5,14,1229,3.0,5.0,3.0,1.0,1.0,0.14,0.09,5.38,135.4
25476,4,6,288,3.0,4.0,4.0,1.0,1.0,0.17,0.21,0.03,202.5
25479,3,12,674,1.0,3.0,3.0,1.0,1.0,0.67,0.64,44.14,60.33
25578,1,3,136,1.0,1.0,1.0,1.0,1.0,0.33,0.32,0.08,58.0
25593,2,4,180,2.0,2.0,2.0,1.0,1.0,0.25,0.24,0.02,154.5
25594,5,6,284,4.0,5.0,5.0,1.0,1.0,0.17,0.15,0.01,132.4
25595,2,4,188,2.0,2.0,2.0,1.0,1.0,0.25,0.23,0.02,56.5
25596,1,1,44,1.0,1.0,1.0,1.0,1.0,1.0,1.0,0.0,62.0
25601,5,7,313,5.0,5.0,5.0,0.86,0.82,0.14,0.14,0.01,210.6
25602,4,8,372,4.0,4.0,4.0,1.0,1.0,0.12,0.12,0.05,74.25
25605,3,4,180,3.0,3.0,3.0,1.0,1.0,0.25,0.24,0.0,125.0
25606,5,5,236,4.0,5.0,5.0,1.0,1.0,0.2,0.19,0.0,136.2
25608,4,5,220,4.0,4.0,4.0,1.0,1.0,0.2,0.2,0.0,156.75
25609,7,9,382,6.0,7.0,6.0,0.78,0.83,0.33,0.35,0.01,83.0
25611,7,9,412,6.0,7.0,7.0,1.0,1.0,0.44,0.43,0.0,114.71
25613,7,12,556,5.0,7.0,6.0,1.0,1.0,0.25,0.24,0.01,113.0
25614,9,11,492,7.0,9.0,8.0,1.0,1.0,0.09,0.09,0.01,164.89
25637,4,12,903,2.0,4.0,2.0,1.0,1.0,0.25,0.19,5.62,108.0
25643,5,7,356,3.0,5.0,4.0,1.0,1.0,0.43,0.48,0.61,136.4
25681,3,5,248,3.0,3.0,3.0,1.0,1.0,0.2,0.24,0.0,188.0
25690,3,7,312,3.0,3.0,3.0,1.0,1.0,0.29,0.28,0.07,117.33
25691,29,50,2304,17.0,28.0,26.0,1.0,1.0,0.34,0.32,0.07,58.59
25692,17,37,1696,12.0,17.0,16.0,1.0,1.0,0.35,0.34,0.98,57.18
25693,20,29,1334,12.0,20.0,19.0,0.97,0.96,0.52,0.49,0.04,59.4
25694,13,26,1172,6.0,13.0,12.0,1.0,1.0,0.31,0.3,0.08,84.62
25695,13,22,996,2.0,13.0,13.0,1.0,1.0,0.23,0.22,0.1,69.15
25696,6,9,400,4.0,6.0,5.0,1.0,1.0,0.33,0.33,0.01,121.83
25789,4,12,883,2.0,4.0,3.0,1.0,1.0,0.25,0.19,2.37,154.0
25859,3,5,244,3.0,3.0,3.0,1.0,1.0,0.2,0.25,0.0,185.67
25958,6,12,673,5.0,6.0,6.0,1.0,1.0,0.33,0.32,11.53,154.83
25972,4,10,536,2.0,4.0,2.0,0.9,0.93,0.5,0.51,17.57,105.0
25973,9,18,1103,5.0,9.0,7.0,1.0,1.0,0.22,0.2,8.58,120.22
25997,2,5,276,2.0,2.0,2.0,1.0,1.0,0.2,0.22,0.16,54.5
26028,3,7,371,2.0,3.0,3.0,1.0,1.0,0.14,0.12,3.03,80.0
26165,1,4,216,1.0,1.0,1.0,1.0,1.0,1.0,1.0,63.2,62.0
26196,4,8,659,3.0,3.0,3.0,1.0,1.0,0.25,0.17,1.62,121.25
26228,1,1,44,1.0,1.0,1.0,1.0,1.0,1.0,1.0,0.0,62.0
26276,4,5,236,3.0,3.0,3.0,1.0,1.0,0.2,0.19,0.01,155.5
26327,3,3,148,3.0,3.0,3.0,1.0,1.0,0.33,0.3,0.0,124.0
26355,1,4,224,1.0,1.0,1.0,1.0,1.0,0.25,0.27,0.15,59.0
26363,3,5,216,2.0,3.0,3.0,1.0,1.0,0.2,0.2,0.01,188.0
26364,5,6,264,5.0,5.0,5.0,1.0,1.0,0.33,0.33,0.01,137.0
26370,5,5,560,5.0,5.0,5.0,0.8,0.35,0.2,0.08,0.0,94.2
26371,6,6,292,4.0,6.0,5.0,1.0,1.0,0.17,0.15,0.0,152.67
26374,3,5,240,3.0,3.0,3.0,1.0,1.0,0.2,0.18,0.01,60.33
26375,3,5,216,3.0,3.0,3.0,1.0,1.0,0.2,0.2,0.01,184.33
26377,10,21,1102,6.0,10.0,7.0,1.0,1.0,0.24,0.24,7.81,95.3
26382,3,3,142,3.0,3.0,3.0,0.67,0.62,0.33,0.31,0.0,122.33
26424,5,5,228,5.0,5.0,5.0,1.0,1.0,0.2,0.26,0.0,171.4
26608,4,8,392,4.0,4.0,4.0,1.0,1.0,0.62,0.68,15.8,202.5
26609,10,19,1005,6.0,8.0,8.0,1.0,1.0,0.42,0.43,13.24,172.8
26618,6,8,360,3.0,5.0,5.0,1.0,1.0,0.12,0.17,0.02,216.83
26633,3,8,404,3.0,3.0,3.0,1.0,1.0,0.62,0.64,5.14,141.33
26641,7,16,901,4.0,6.0,5.0,1.0,1.0,0.12,0.12,1.1,131.71
26680,3,8,332,2.0,3.0,3.0,1.0,1.0,0.62,0.64,21.15,120.67
26777,5,10,491,4.0,5.0,5.0,1.0,1.0,0.4,0.39,12.65,188.2
26830,6,6,300,5.0,5.0,5.0,1.0,1.0,0.17,0.2,0.0,154.5
26887,5,5,260,4.0,5.0,5.0,1.0,1.0,0.4,0.4,0.0,98.0
26908,5,11,576,4.0,5.0,5.0,1.0,1.0,0.73,0.75,25.27,135.0
26940,2,7,355,2.0,2.0,2.0,1.0,1.0,0.43,0.37,31.59,186.5
27007,3,4,204,1.0,2.0,2.0,1.0,1.0,0.25,0.29,0.0,123.0
27032,4,4,214,3.0,4.0,4.0,1.0,1.0,0.25,0.21,0.0,118.25
27035,3,3,124,3.0,3.0,3.0,1.0,1.0,0.33,0.35,0.0,187.67
27135,6,6,318,6.0,6.0,6.0,0.67,0.62,0.17,0.25,0.0,151.83
27180,2,9,721,2.0,2.0,2.0,1.0,1.0,0.44,0.3,31.72,58.5
27182,7,22,1823,3.0,7.0,3.0,0.95,0.76,0.18,0.12,13.23,52.43
27183,6,12,612,5.0,6.0,5.0,1.0,1.0,0.67,0.71,21.15,155.67
27201,1,8,391,1.0,1.0,1.0,1.0,1.0,0.38,0.34,59.52,122.0
27224,7,24,1491,5.0,7.0,5.0,0.96,0.98,0.5,0.43,27.12,118.14
27243,1,1,60,1.0,1.0,1.0,1.0,1.0,1.0,1.0,0.0,62.0
27315,6,7,320,6.0,6.0,6.0,1.0,1.0,0.29,0.35,0.52,219.17
27323,2,3,136,1.0,2.0,1.0,1.0,1.0,0.33,0.32,0.01,60.0
27333,3,6,248,2.0,3.0,2.0,1.0,1.0,0.33,0.35,14.29,58.33
27348,5,11,578,1.0,5.0,5.0,1.0,1.0,0.36,0.37,13.84,174.2
27356,8,15,797,6.0,7.0,6.0,0.93,0.93,0.4,0.41,23.76,130.12
27370,3,3,132,3.0,3.0,3.0,1.0,1.0,0.33,0.3,0.0,110.0
27405,3,8,655,3.0,3.0,3.0,1.0,1.0,0.25,0.17,2.0,184.33
27444,1,1,40,1.0,1.0,1.0,1.0,1.0,1.0,1.0,0.0,30.0
27462,4,4,188,4.0,4.0,4.0,1.0,1.0,0.25,0.23,0.0,106.25
27467,6,6,317,6.0,6.0,6.0,0.83,0.85,0.17,0.14,0.0,90.33
27472,4,4,192,4.0,4.0,4.0,1.0,1.0,0.25,0.23,0.0,107.5
27473,4,7,372,4.0,4.0,4.0,1.0,1.0,0.14,0.12,2.5,104.25
27520,1,5,326,1.0,1.0,1.0,1.0,1.0,0.4,0.26,15.16,58.0
27524,4,14,1492,2.0,4.0,2.0,1.0,1.0,0.29,0.14,22.09,98.5
27644,4,4,184,4.0,4.0,4.0,1.0,1.0,0.25,0.33,0.0,200.0
27663,2,3,152,2.0,2.0,2.0,1.0,1.0,0.67,0.74,0.01,153.5
27734,4,10,516,3.0,4.0,3.0,1.0,1.0,0.8,0.84,31.59,106.0
27787,2,7,359,2.0,2.0,2.0,0.86,0.87,0.43,0.37,31.6,85.5
27819,1,3,164,1.0,1.0,1.0,1.0,1.0,1.0,1.0,15.33,62.0
27881,4,8,408,3.0,4.0,4.0,1.0,1.0,0.12,0.15,0.75,202.25
27897,2,2,100,2.0,2.0,2.0,1.0,1.0,0.5,0.4,0.0,44.5
27899,3,8,651,3.0,3.0,3.0,1.0,1.0,0.25,0.17,2.04,185.67
27935,9,11,492,6.0,6.0,6.0,1.0,1.0,0.27,0.33,1.72,205.0
27947,5,10,502,4.0,5.0,4.0,1.0,1.0,0.2,0.17,2.51,169.8
27948,6,15,844,4.0,6.0,6.0,1.0,1.0,0.53,0.51,22.08,155.67
28004,5,7,348,4.0,5.0,5.0,1.0,1.0,0.14,0.17,0.62,171.2
28037,4,5,564,3.0,4.0,4.0,0.8,0.35,0.4,0.2,0.0,152.75
28074,6,8,428,5.0,6.0,6.0,1.0,1.0,0.12,0.14,0.51,122.83
28164,3,3,124,3.0,3.0,3.0,1.0,1.0,0.33,0.35,0.0,55.0
28174,6,9,682,5.0,6.0,6.0,1.0,1.0,0.56,0.74,0.61,153.67
28267,5,17,975,2.0,4.0,3.0,1.0,1.0,0.47,0.44,27.29,99.4
28294,2,2,84,2.0,2.0,2.0,1.0,1.0,0.5,0.52,0.0,61.0
28334,4,15,1037,3.0,4.0,4.0,1.0,1.0,0.4,0.52,0.25,201.25
28370,5,5,240,4.0,5.0,4.0,1.0,1.0,0.2,0.25,0.0,136.0
28373,3,3,140,3.0,3.0,3.0,0.67,0.71,0.33,0.43,0.0,144.33
28398,5,13,684,3.0,5.0,3.0,1.0,1.0,0.85,0.87,37.94,136.8
28402,3,12,1132,3.0,3.0,3.0,1.0,1.0,0.33,0.46,1.0,121.33
28505,4,6,296,3.0,4.0,4.0,1.0,1.0,0.33,0.38,0.76,155.0
28593,3,9,516,1.0,3.0,3.0,1.0,1.0,0.44,0.42,23.09,124.0
28671,4,13,804,2.0,4.0,4.0,1.0,1.0,0.31,0.27,18.82,106.25
28719,1,6,311,1.0,1.0,1.0,1.0,1.0,0.33,0.3,8.85,126.0
28745,6,15,862,2.0,6.0,4.0,1.0,1.0,0.27,0.25,12.97,97.67
28759,6,26,1559,3.0,6.0,3.0,1.0,1.0,0.46,0.42,32.81,87.67
28782,3,6,354,3.0,3.0,3.0,0.67,0.61,0.67,0.61,21.15,118.0
28801,3,8,474,2.0,3.0,3.0,1.0,1.0,0.25,0.24,3.04,123.0
28945,8,11,585,4.0,6.0,6.0,0.91,0.79,0.36,0.37,3.0,201.5
29023,1,7,448,1.0,1.0,1.0,1.0,1.0,0.29,0.21,1.67,54.0
29064,1,7,503,1.0,1.0,1.0,1.0,1.0,0.29,0.17,21.27,244.0
29146,3,3,156,3.0,3.0,3.0,1.0,1.0,0.33,0.38,0.0,75.67
29161,2,3,152,2.0,2.0,2.0,1.0,1.0,0.67,0.74,1.73,155.0
29163,4,7,328,3.0,4.0,4.0,0.86,0.79,0.57,0.51,15.83,150.75
29227,1,1,44,1.0,1.0,1.0,1.0,1.0,1.0,1.0,0.0,62.0
29279,3,29,1956,1.0,3.0,1.0,1.0,1.0,0.41,0.5,0.91,54.0
29326,2,2,84,2.0,2.0,2.0,1.0,1.0,0.5,0.52,0.0,155.0
29327,1,4,442,1.0,1.0,1.0,1.0,1.0,1.0,1.0,3.08,62.0
29348,2,3,152,2.0,2.0,2.0,1.0,1.0,0.67,0.74,0.17,156.0
29422,1,3,164,1.0,1.0,1.0,1.0,1.0,1.0,1.0,5.05,62.0
29503,4,16,1120,2.0,4.0,3.0,1.0,1.0,0.31,0.25,8.15,154.25
29536,2,3,124,2.0,2.0,2.0,1.0,1.0,0.67,0.68,0.08,154.0
29542,2,2,89,2.0,2.0,2.0,0.5,0.49,0.5,0.49,0.0,155.5
29567,2,5,486,1.0,2.0,2.0,1.0,1.0,0.8,0.91,1.66,157.0
29577,2,7,562,2.0,2.0,2.0,1.0,1.0,0.71,0.85,0.35,55.5
29592,2,9,377,1.0,2.0,2.0,1.0,1.0,0.44,0.45,31.68,151.0
29636,3,3,147,2.0,3.0,3.0,0.67,0.71,0.33,0.41,0.0,58.0
29689,2,9,377,2.0,2.0,2.0,1.0,1.0,0.44,0.45,31.63,150.5
29877,1,1,60,1.0,1.0,1.0,1.0,1.0,1.0,1.0,0.0,62.0
29927,4,5,240,3.0,3.0,3.0,1.0,1.0,0.2,0.25,0.03,202.25
29940,2,5,260,1.0,2.0,2.0,1.0,1.0,0.8,0.83,31.59,156.5
30036,4,9,435,4.0,4.0,4.0,1.0,1.0,0.22,0.21,6.63,220.0
30161,2,8,432,1.0,2.0,2.0,1.0,1.0,1.0,1.0,63.18,62.0
30191,2,5,256,2.0,2.0,2.0,1.0,1.0,0.8,0.84,31.58,157.5
30288,2,2,100,2.0,2.0,2.0,1.0,1.0,0.5,0.6,0.0,157.5
30314,3,10,724,2.0,3.0,3.0,1.0,1.0,0.4,0.3,28.74,122.33
30345,2,3,172,2.0,2.0,2.0,1.0,1.0,0.67,0.65,0.0,60.5
30351,7,26,1693,4.0,7.0,4.0,0.96,0.98,0.27,0.22,24.6,53.71
30355,6,16,892,5.0,5.0,5.0,1.0,1.0,0.25,0.24,13.82,119.0
30376,3,8,412,3.0,3.0,3.0,1.0,1.0,0.25,0.27,5.19,186.33
30380,10,12,613,8.0,10.0,10.0,0.92,0.82,0.08,0.1,0.01,133.5
30387,1,5,504,1.0,1.0,1.0,1.0,1.0,1.0,1.0,0.32,62.0
30424,3,5,264,1.0,3.0,3.0,1.0,1.0,0.2,0.23,0.04,122.67
30444,1,3,164,1.0,1.0,1.0,1.0,1.0,1.0,1.0,63.44,62.0
30478,2,9,738,2.0,2.0,2.0,1.0,1.0,0.33,0.22,10.01,156.0
30537,2,3,190,2.0,2.0,2.0,0.67,0.59,0.67,0.59,0.13,53.5
30547,7,19,1364,3.0,6.0,5.0,0.95,0.91,0.21,0.16,12.04,113.57
30649,3,5,284,2.0,2.0,2.0,1.0,1.0,0.2,0.21,1.18,59.33
30668,7,13,765,5.0,7.0,6.0,0.92,0.89,0.31,0.28,10.06,111.57
30669,3,13,773,2.0,3.0,2.0,1.0,1.0,0.31,0.28,23.47,48.0
30712,3,10,576,2.0,3.0,3.0,1.0,1.0,0.4,0.38,12.89,55.67
30735,3,3,144,3.0,3.0,3.0,1.0,1.0,0.33,0.42,0.0,188.0
30743,2,5,502,2.0,2.0,2.0,1.0,1.0,0.8,0.88,0.07,56.0
30770,3,7,615,3.0,3.0,3.0,1.0,1.0,0.71,0.84,0.01,119.33
30780,4,13,1043,4.0,4.0,4.0,1.0,1.0,0.38,0.47,0.01,199.75
30792,5,11,563,5.0,5.0,5.0,1.0,1.0,0.18,0.16,2.2,161.8
30797,3,7,616,3.0,3.0,3.0,1.0,1.0,0.71,0.84,0.01,124.0
30832,1,6,571,1.0,1.0,1.0,1.0,1.0,0.33,0.2,6.49,57.0
30892,5,10,472,3.0,5.0,4.0,1.0,1.0,0.5,0.48,15.67,97.4
30975,3,8,412,2.0,3.0,3.0,1.0,1.0,0.25,0.27,5.4,185.0
30977,2,9,494,2.0,2.0,2.0,1.0,1.0,0.44,0.44,31.6,51.5
30987,3,13,939,2.0,3.0,2.0,1.0,1.0,0.62,0.46,42.32,122.67
31043,4,13,817,2.0,3.0,3.0,1.0,1.0,0.31,0.26,18.82,72.5
31088,1,5,478,1.0,1.0,1.0,1.0,1.0,1.0,1.0,0.68,62.0
31140,4,8,412,4.0,4.0,4.0,1.0,1.0,0.62,0.65,15.85,154.75
31141,4,7,336,4.0,4.0,4.0,0.86,0.89,0.57,0.64,15.85,108.75
31167,2,13,1080,2.0,2.0,2.0,1.0,1.0,0.38,0.46,0.47,153.5
31182,5,9,494,3.0,5.0,4.0,0.89,0.85,0.33,0.35,1.14,132.8
31198,6,8,344,6.0,6.0,6.0,1.0,1.0,0.12,0.17,1.58,163.17
31199,4,4,364,4.0,4.0,4.0,0.75,0.4,0.25,0.16,0.0,204.0
31203,5,8,408,5.0,5.0,5.0,1.0,1.0,0.12,0.15,0.0,170.2
31249,2,3,156,2.0,2.0,2.0,1.0,1.0,0.67,0.72,0.04,155.0
31399,9,12,1623,4.0,9.0,5.0,0.58,0.21,0.08,0.04,0.39,226.22
31427,1,4,216,1.0,1.0,1.0,1.0,1.0,1.0,1.0,63.21,62.0
31443,9,33,1879,2.0,9.0,2.0,1.0,1.0,0.73,0.69,43.95,79.11
31472,4,11,497,3.0,4.0,4.0,1.0,1.0,0.36,0.34,15.83,105.0
31531,4,9,502,4.0,4.0,4.0,1.0,1.0,0.22,0.22,2.31,150.75
31552,3,4,156,3.0,3.0,3.0,0.75,0.82,0.5,0.54,2.25,140.0
31568,2,11,839,1.0,2.0,2.0,1.0,1.0,0.36,0.26,12.05,51.0
31604,3,11,501,3.0,3.0,3.0,1.0,1.0,0.36,0.34,21.45,54.0
31625,2,4,224,2.0,2.0,2.0,1.0,1.0,0.75,0.8,20.63,157.5
31644,5,9,492,3.0,5.0,4.0,1.0,1.0,0.22,0.23,1.43,95.2
31781,6,12,708,4.0,6.0,5.0,1.0,1.0,0.33,0.31,11.77,151.0
31782,8,26,1774,3.0,8.0,3.0,1.0,1.0,0.15,0.12,12.45,78.5
31811,6,29,2225,3.0,5.0,4.0,1.0,1.0,0.34,0.44,2.63,88.5
31874,3,4,268,3.0,3.0,3.0,0.75,0.57,0.5,0.34,0.01,56.67
31930,2,5,264,2.0,2.0,2.0,1.0,1.0,0.2,0.23,0.36,60.5
32018,3,4,216,3.0,3.0,3.0,1.0,1.0,0.5,0.52,0.0,119.67
32031,3,9,715,1.0,2.0,2.0,1.0,1.0,0.44,0.3,23.09,59.0
32032,1,4,216,1.0,1.0,1.0,1.0,1.0,1.0,1.0,63.15,62.0
32043,2,5,256,2.0,2.0,2.0,1.0,1.0,0.8,0.84,31.73,152.0
32085,2,8,428,2.0,2.0,2.0,1.0,1.0,0.38,0.38,31.7,59.0
32144,6,16,866,3.0,6.0,4.0,1.0,1.0,0.25,0.25,13.98,150.33
32662,2,4,188,2.0,2.0,2.0,1.0,1.0,0.25,0.23,0.01,148.5
32612,1,3,160,1.0,1.0,1.0,1.0,1.0,0.33,0.38,0.11,59.0
32570,3,8,391,3.0,3.0,3.0,1.0,1.0,0.25,0.24,3.0,205.33
32568,1,3,164,1.0,1.0,1.0,1.0,1.0,1.0,1.0,63.5,62.0
32558,3,4,196,3.0,3.0,3.0,1.0,1.0,0.5,0.57,0.07,184.67
32514,3,9,739,2.0,3.0,2.0,1.0,1.0,0.44,0.29,24.49,59.67
32420,3,10,539,2.0,3.0,3.0,1.0,1.0,0.4,0.4,21.11,183.0
32419,5,14,871,0.0,5.0,3.0,1.0,1.0,0.29,0.25,15.53,93.4
32375,4,5,228,4.0,4.0,4.0,1.0,1.0,0.2,0.18,0.0,201.0
32337,2,6,534,2.0,2.0,2.0,1.0,1.0,0.83,0.93,0.09,57.5
32288,1,5,438,1.0,1.0,1.0,1.0,1.0,1.0,1.0,0.15,62.0
33558,1,1,60,1.0,1.0,1.0,1.0,1.0,1.0,1.0,0.0,62.0
33532,4,14,778,3.0,4.0,4.0,1.0,1.0,0.36,0.34,19.05,106.5
33511,4,7,356,4.0,4.0,4.0,1.0,1.0,0.57,0.61,15.83,204.75
33471,1,2,100,1.0,1.0,1.0,1.0,1.0,0.5,0.4,0.0,59.0
33312,2,4,200,2.0,2.0,2.0,1.0,1.0,0.25,0.3,0.06,155.0
33298,2,4,212,2.0,2.0,2.0,1.0,1.0,0.25,0.28,4.51,93.5
33086,5,5,220,2.0,2.0,2.0,1.0,1.0,0.2,0.27,0.0,214.8
32991,6,7,332,4.0,4.0,4.0,1.0,1.0,0.29,0.34,0.02,187.5
32982,5,8,396,5.0,5.0,5.0,1.0,1.0,0.5,0.55,12.63,136.8
32857,1,10,928,1.0,1.0,1.0,1.0,1.0,0.5,0.53,0.02,59.0
32840,2,8,655,1.0,2.0,1.0,1.0,1.0,0.5,0.33,36.91,55.0
32812,2,2,120,2.0,2.0,2.0,1.0,1.0,0.5,0.5,0.0,60.5
32775,4,23,1883,3.0,4.0,3.0,1.0,1.0,0.43,0.52,0.12,99.5
34670,3,4,192,3.0,3.0,3.0,1.0,1.0,0.5,0.48,0.04,124.33
34628,3,3,140,3.0,3.0,3.0,1.0,1.0,0.33,0.29,0.0,176.33
34614,4,10,566,3.0,4.0,3.0,1.0,1.0,0.1,0.11,6.01,155.25
34603,4,4,184,4.0,4.0,4.0,0.75,0.67,0.25,0.24,0.0,154.25
34594,1,10,820,1.0,1.0,1.0,1.0,1.0,0.4,0.26,18.57,50.0
34574,2,10,796,2.0,2.0,2.0,1.0,1.0,0.4,0.56,1.61,153.0
34559,1,4,216,1.0,1.0,1.0,1.0,1.0,1.0,1.0,63.41,62.0
34479,7,19,1129,4.0,7.0,7.0,1.0,1.0,0.42,0.38,19.77,114.0
34411,5,21,1321,2.0,5.0,2.0,1.0,1.0,0.57,0.49,39.39,95.4
34384,1,9,756,1.0,1.0,1.0,1.0,1.0,0.44,0.58,3.03,59.0
34351,1,4,224,1.0,1.0,1.0,1.0,1.0,0.25,0.27,0.34,59.0
34223,3,3,128,3.0,3.0,3.0,1.0,1.0,0.33,0.34,0.0,186.0
34164,1,4,216,1.0,1.0,1.0,1.0,1.0,1.0,1.0,63.29,62.0
34064,3,3,128,3.0,3.0,3.0,1.0,1.0,0.33,0.34,0.0,186.67
34030,4,10,702,3.0,4.0,4.0,1.0,1.0,0.6,0.74,0.08,155.0
33975,9,42,2533,3.0,8.0,3.0,0.98,0.98,0.48,0.43,36.89,94.11
33961,1,10,1236,1.0,1.0,1.0,1.0,1.0,0.5,0.22,63.38,50.0
33902,3,5,713,3.0,3.0,3.0,0.8,0.94,0.2,0.37,3.22,121.67
33736,2,3,124,2.0,2.0,2.0,1.0,1.0,0.33,0.32,0.0,248.0
33695,1,6,571,1.0,1.0,1.0,1.0,1.0,0.33,0.2,6.27,59.0
35664,5,7,296,4.0,5.0,5.0,1.0,1.0,0.14,0.15,0.02,210.6
35656,2,9,485,2.0,2.0,2.0,1.0,1.0,0.44,0.45,31.59,151.0
35644,3,6,332,1.0,3.0,3.0,1.0,1.0,0.5,0.52,0.01,123.67
35606,2,2,120,1.0,2.0,2.0,1.0,1.0,0.5,0.5,0.0,60.5
35596,4,13,1178,2.0,4.0,4.0,1.0,1.0,0.38,0.42,0.01,156.25
35587,9,33,2069,1.0,7.0,2.0,1.0,1.0,0.48,0.42,31.33,63.0
35537,4,8,410,3.0,4.0,3.0,0.88,0.92,0.38,0.42,0.81,101.5
35356,2,5,221,2.0,2.0,2.0,0.8,0.76,0.8,0.76,31.65,53.5
35343,2,2,104,2.0,2.0,2.0,1.0,1.0,0.5,0.58,0.0,151.0
35269,5,10,500,2.0,5.0,5.0,1.0,1.0,0.3,0.33,12.66,211.4
35263,3,3,148,2.0,3.0,3.0,1.0,1.0,0.33,0.41,0.0,189.33
35243,4,4,198,4.0,4.0,4.0,0.75,0.79,0.25,0.3,0.0,168.75
35220,2,4,200,2.0,2.0,2.0,1.0,1.0,0.25,0.3,0.17,153.5
35197,3,6,296,2.0,3.0,3.0,1.0,1.0,0.67,0.73,21.07,185.33
35054,5,6,316,4.0,4.0,4.0,1.0,1.0,0.17,0.19,0.02,93.4
34952,3,3,148,2.0,3.0,3.0,1.0,1.0,0.33,0.41,0.0,189.67
34927,3,13,935,2.0,3.0,2.0,1.0,1.0,0.31,0.23,42.42,119.33
34843,8,15,1304,4.0,8.0,8.0,1.0,1.0,0.27,0.17,8.67,179.38
34804,4,9,472,1.0,4.0,4.0,1.0,1.0,0.22,0.24,3.78,204.75
34799,4,10,604,3.0,4.0,3.0,1.0,1.0,0.4,0.36,22.26,154.5
34726,2,7,414,2.0,2.0,2.0,1.0,1.0,0.29,0.27,4.5,154.5
36465,3,6,546,3.0,3.0,3.0,1.0,1.0,0.67,0.81,1.0,124.33
36412,7,19,1133,3.0,7.0,4.0,1.0,1.0,0.21,0.19,12.12,110.71
36411,6,18,938,2.0,6.0,3.0,1.0,1.0,0.44,0.46,33.37,119.83
36384,4,19,1413,3.0,4.0,4.0,0.95,0.98,0.26,0.34,0.48,154.0
36276,4,7,612,3.0,4.0,4.0,0.86,0.92,0.14,0.1,1.59,155.75
36273,2,2,104,1.0,2.0,2.0,1.0,1.0,0.5,0.42,0.0,59.5
36086,5,7,356,4.0,5.0,5.0,1.0,1.0,0.43,0.46,12.69,175.4
36047,1,8,694,1.0,1.0,1.0,1.0,1.0,0.38,0.24,20.02,59.0
35999,6,6,288,5.0,6.0,6.0,1.0,1.0,0.17,0.21,0.0,129.67
35841,4,14,862,3.0,4.0,4.0,1.0,1.0,0.36,0.32,20.41,106.5
35815,1,10,879,1.0,1.0,1.0,1.0,1.0,0.5,0.56,0.31,47.0
37710,2,6,571,1.0,2.0,1.0,1.0,1.0,0.33,0.2,3.56,60.5
37673,2,7,356,1.0,2.0,2.0,1.0,1.0,0.29,0.31,7.68,155.0
37596,4,7,344,3.0,4.0,4.0,1.0,1.0,0.14,0.17,0.87,201.25
37594,4,6,268,3.0,4.0,4.0,1.0,1.0,0.17,0.19,0.04,200.75
37491,5,20,1372,1.0,3.0,3.0,1.0,1.0,0.4,0.31,29.51,59.6
37488,5,14,792,3.0,5.0,3.0,0.93,0.91,0.57,0.55,26.78,93.4
37480,4,6,248,3.0,4.0,4.0,1.0,1.0,0.17,0.18,0.02,245.25
37464,2,5,264,2.0,2.0,2.0,1.0,1.0,0.2,0.23,1.57,156.0
37447,7,13,890,5.0,7.0,7.0,0.92,0.92,0.31,0.24,9.89,165.14
37407,2,4,177,1.0,2.0,2.0,0.75,0.72,0.25,0.25,0.05,251.0
37393,1,2,100,1.0,1.0,1.0,1.0,1.0,0.5,0.4,0.0,59.0
37390,4,14,1162,2.0,4.0,3.0,1.0,1.0,0.29,0.19,18.3,153.0
37377,4,13,719,2.0,4.0,2.0,1.0,1.0,0.62,0.6,33.57,104.75
37376,2,5,276,2.0,2.0,2.0,1.0,1.0,0.8,0.78,31.71,60.5
37372,2,7,404,2.0,2.0,2.0,1.0,1.0,0.86,0.85,31.72,58.0
37267,1,2,112,1.0,1.0,1.0,1.0,1.0,1.0,1.0,3.48,62.0
37257,2,5,315,1.0,2.0,2.0,0.8,0.69,0.8,0.69,31.58,58.5
37245,3,8,671,3.0,3.0,3.0,1.0,1.0,0.25,0.17,2.01,118.67
37230,1,4,168,1.0,1.0,1.0,1.0,1.0,1.0,1.0,63.26,62.0
37197,4,10,540,2.0,4.0,3.0,1.0,1.0,0.4,0.4,18.38,156.5
37187,5,14,986,3.0,5.0,3.0,1.0,1.0,0.29,0.22,17.41,132.4
37066,2,3,152,2.0,2.0,2.0,1.0,1.0,0.67,0.74,1.55,150.0
37059,2,2,80,1.0,2.0,2.0,1.0,1.0,0.5,0.5,0.0,140.5
36863,3,8,655,2.0,3.0,3.0,1.0,1.0,0.25,0.17,2.01,183.67
36839,4,15,1368,3.0,3.0,3.0,1.0,1.0,0.47,0.27,23.86,106.5
36828,3,12,640,3.0,3.0,3.0,1.0,1.0,0.58,0.58,26.27,121.0
36745,2,8,674,1.0,2.0,1.0,1.0,1.0,0.62,0.73,3.06,60.0
38602,4,8,659,2.0,3.0,3.0,1.0,1.0,0.25,0.17,1.85,155.75
38541,1,2,80,0.0,1.0,1.0,1.0,1.0,0.5,0.5,0.0,240.0
38504,2,3,152,2.0,2.0,2.0,1.0,1.0,0.67,0.74,0.26,149.5
38450,2,4,164,2.0,2.0,2.0,1.0,1.0,0.25,0.27,0.07,249.5
38441,3,4,216,1.0,3.0,3.0,1.0,1.0,0.75,0.8,0.11,125.67
38433,4,9,687,2.0,4.0,4.0,0.89,0.95,0.22,0.16,1.88,155.0
38387,2,7,293,1.0,2.0,2.0,1.0,1.0,0.14,0.15,1.15,151.5
38360,4,17,991,2.0,4.0,2.0,1.0,1.0,0.47,0.44,33.37,104.75
38359,5,21,1323,1.0,5.0,2.0,1.0,1.0,0.57,0.49,39.34,57.2
38349,2,8,432,1.0,2.0,1.0,1.0,1.0,1.0,1.0,63.38,62.0
38348,7,29,1947,2.0,7.0,2.0,1.0,1.0,0.41,0.33,31.4,83.29
38260,5,12,917,1.0,5.0,3.0,1.0,1.0,0.08,0.07,2.0,135.4
38236,5,14,760,4.0,5.0,4.0,1.0,1.0,0.21,0.22,14.37,90.4
38224,3,10,872,1.0,3.0,3.0,1.0,1.0,0.4,0.25,21.08,188.0
38136,5,6,292,5.0,5.0,5.0,1.0,1.0,0.33,0.29,1.25,137.2
38049,2,9,434,2.0,2.0,2.0,1.0,1.0,0.44,0.4,31.6,188.0
38000,2,2,88,2.0,2.0,2.0,1.0,1.0,0.5,0.5,0.0,157.5
37979,4,9,699,1.0,3.0,3.0,1.0,1.0,0.22,0.16,1.53,204.0
37966,4,4,204,2.0,4.0,4.0,1.0,1.0,0.25,0.29,0.0,156.25
37838,7,8,428,3.0,7.0,5.0,0.88,0.93,0.5,0.54,0.0,115.14
37816,1,6,392,0.0,1.0,1.0,1.0,1.0,0.33,0.29,10.11,62.0
37814,4,9,695,3.0,4.0,4.0,1.0,1.0,0.22,0.16,0.79,196.25
37763,2,4,232,1.0,2.0,2.0,1.0,1.0,0.75,0.74,0.92,60.5
38736,5,7,296,3.0,5.0,5.0,1.0,1.0,0.14,0.15,0.01,214.8
38830,1,6,311,1.0,1.0,1.0,1.0,1.0,0.5,0.42,63.18,123.0
38865,6,9,444,6.0,6.0,6.0,1.0,1.0,0.11,0.14,0.5,149.67
38889,1,6,392,1.0,1.0,1.0,1.0,1.0,0.33,0.29,10.12,62.0
39174,3,5,252,2.0,3.0,2.0,1.0,1.0,0.6,0.65,21.07,188.0
39178,6,18,982,2.0,5.0,2.0,1.0,1.0,0.44,0.44,23.53,121.33
39183,2,9,535,1.0,2.0,1.0,1.0,1.0,0.56,0.5,36.87,55.0
39258,14,41,2600,7.0,12.0,8.0,1.0,1.0,0.44,0.52,0.32,155.43
39292,4,21,1658,3.0,3.0,3.0,1.0,1.0,0.19,0.27,23.36,202.0
39320,4,7,356,2.0,4.0,3.0,1.0,1.0,0.14,0.17,0.03,203.25
39328,4,4,192,4.0,4.0,4.0,1.0,1.0,0.25,0.31,0.0,204.5
39362,5,8,412,3.0,4.0,4.0,1.0,1.0,0.12,0.15,0.6,173.0
39439,5,5,208,4.0,5.0,5.0,1.0,1.0,0.2,0.21,0.0,133.0
39506,1,6,571,1.0,1.0,1.0,1.0,1.0,0.33,0.2,6.01,59.0
39510,3,12,680,1.0,3.0,1.0,1.0,1.0,0.67,0.64,44.73,56.33
39511,3,9,479,2.0,3.0,2.0,1.0,1.0,0.44,0.45,23.59,116.67
39520,2,2,92,2.0,2.0,2.0,1.0,1.0,0.5,0.57,0.0,157.5
39568,5,9,440,5.0,5.0,5.0,1.0,1.0,0.56,0.61,12.65,214.0
39595,4,8,420,1.0,4.0,3.0,1.0,1.0,0.38,0.41,1.61,106.75
39621,1,3,164,1.0,1.0,1.0,1.0,1.0,1.0,1.0,0.3,62.0
39623,2,21,1694,1.0,2.0,2.0,1.0,1.0,0.19,0.26,55.72,154.5
39711,3,5,244,2.0,3.0,3.0,1.0,1.0,0.2,0.25,0.0,185.67
39769,4,8,620,3.0,4.0,4.0,0.88,0.93,0.62,0.8,0.67,151.75
39786,2,5,260,1.0,2.0,2.0,1.0,1.0,0.8,0.83,31.68,155.5
39856,4,11,1231,3.0,4.0,3.0,0.91,0.65,0.18,0.09,1.58,59.0
39887,5,14,764,3.0,5.0,3.0,1.0,1.0,0.29,0.28,15.62,127.2
39888,3,8,575,3.0,3.0,3.0,0.75,0.65,0.25,0.19,3.25,123.33
39915,3,11,840,3.0,3.0,3.0,1.0,1.0,0.36,0.53,1.1,185.0
39928,3,3,132,2.0,3.0,3.0,1.0,1.0,0.33,0.33,0.0,189.67
40053,5,7,312,4.0,5.0,5.0,1.0,1.0,0.14,0.14,0.02,173.0
40055,4,16,916,1.0,4.0,4.0,1.0,1.0,0.75,0.71,48.92,61.0
40164,6,20,1031,2.0,6.0,2.0,1.0,1.0,0.2,0.2,5.64,58.0
40244,4,7,318,4.0,2.0,4.0,0.57,0.68,0.57,0.68,15.79,54.25
40245,7,10,496,4.0,7.0,6.0,1.0,1.0,0.4,0.42,9.17,141.57
40273,2,4,200,2.0,2.0,2.0,1.0,1.0,0.25,0.3,0.01,251.5
40275,4,12,938,3.0,4.0,4.0,1.0,1.0,0.33,0.47,0.08,201.5
